Nombre,Personaje,Ruta,Desenlace,Tiempo,Finales
Anonimo,Agente,Barca,Victoria,7,99,0
Deox,Piloto,Barca,Victoria,17,39
Deox,Piloto,Barca,Victoria,11,01
deox,Agente,Barca,Victoria,7,44
Dexter,Agente,Barca,Victoria,6,45
Deox,Agente,Barca,Victoria,6,37
DEOX,Agente,Barca,Victoria,16,98
BORKITAS,arqueologo,Barca,Victoria,60,42
juhdsa,Agente,Barca,Victoria,5,14
lkdjadjas,Agente,Barca,Victoria,4,85
judsad,Agente,Barca,Victoria,5,73
dsadsa,Agente,Barca,Victoria,7,49
eded,Agente,Barca,Victoria,5,63
juasdsa,Agente,Barca,Victoria,7,88
dasdsa,Agente,Barca,Victoria,6,53
sdasdas,Agente,Barca,Victoria,8,81
sdadsa,Agente,Barca,Victoria,7,34
eqweq,Agente,Barca,Victoria,5,81
sadasd,Agente,Barca,Victoria,7,94
dsadsad,Agente,Barca,Victoria,10,27
Lucan345,Agente,Ninguna (Calcinado),Derrota,43,42
jUNTRA123,Agente,Ninguna (Calcinado),Derrota,33,27
Julian12344,Agente,Portal,VictoriaVerdadera,74,58
